{"cameraMode":{"drawMode":0,"name":"Shaded","section":"Shading Mode"},"sceneLighting":false,"audioPlay":false,"sceneViewState":{"m_AlwaysRefresh":false,"showFog":true,"showSkybox":false,"showFlares":true,"showImageEffects":true,"showParticleSystems":true,"showVisualEffectGraphs":true,"m_FxEnabled":true},"in2DMode":false,"pivot":{"x":0.011707305908203125,"y":9.760766983032227,"z":0.05978679656982422},"rotation":{"x":0.6236299872398377,"y":-0.10230891406536102,"z":0.08280060440301895,"w":0.7705602645874023},"size":14.018869400024414,"orthographic":true}